Date,Rot,VH,Team,1st,2nd,3rd,4th,Final,Open,Close,ML,2H
1222,501,V,GoldenState,25,20,26,28,99,228,234.5,265,1
1222,502,H,Brooklyn,40,23,36,26,125,5.5,7.5,-320,115
1222,503,V,LAClippers,39,17,33,27,116,223,219,115,108.5
1222,504,H,LALakers,19,35,24,31,109,2.5,2,-135,3.5
1223,551,V,Charlotte,23,21,36,34,114,215,3,-140,7
1223,552,H,Cleveland,24,41,28,28,121,1,217,120,107
1223,553,V,NewYork,33,33,16,25,107,214.5,215.5,270,107.5
1223,554,H,Indiana,35,26,27,33,121,8.5,7.5,-330,7.5
1223,555,V,Miami,29,24,30,24,107,3.5,4.5,-190,5
1223,556,H,Orlando,27,29,23,34,113,220.5,219,170,106.5
1223,557,V,Washington,26,33,24,24,107,229,230.5,250,113.5
1223,558,H,Philadelphia,30,28,15,40,113,7.5,7,-300,5.5
1223,559,V,Milwaukee,34,25,25,37,121,2.5,4.5,-190,4
1223,560,H,Boston,31,33,37,21,122,226,223,170,115
1223,561,V,NewOrleans,23,27,38,25,113,230,228.5,150,111
1223,562,H,Toronto,26,31,22,20,99,5,3.5,-170,pk
1223,563,V,Atlanta,42,41,28,13,124,1.5,2,-130,116
1223,564,H,Chicago,29,30,20,25,104,227,234,110,6
1223,567,V,SanAntonio,30,36,33,32,131,231.5,230,110,117
1223,568,H,Memphis,33,20,35,31,119,3,2,-130,5
1223,569,V,Detroit,34,23,28,16,101,227,224.5,190,110
1223,570,H,Minnesota,25,31,24,31,111,5.5,5.5,-220,4.5
1223,571,V,Sacramento,25,28,36,23,124,224.5,227.5,260,111.5
1223,572,H,Denver,31,29,24,28,122,8,7.5,-310,2
1223,573,V,Utah,32,33,29,26,120,229,1.5,-130,115
1223,574,H,Portland,25,19,24,32,100,1.5,226,110,5
1223,575,V,Dallas,22,23,26,31,102,237,232.5,100,2
1223,576,H,Phoenix,23,30,24,29,106,pk,1.5,-120,113
1225,577,V,NewOrleans,26,27,26,19,98,229,221,130,3
1225,578,H,Miami,29,37,22,23,111,5,3,-150,107.5
1225,579,V,GoldenState,25,31,20,23,99,233.5,230.5,450,113
1225,580,H,Milwaukee,33,33,34,38,138,8.5,10,-600,2.5
1225,581,V,Brooklyn,26,25,35,37,123,227,3,-145,3
1225,582,H,Boston,22,32,23,18,95,pk,229.5,125,114
1225,583,V,Dallas,30,27,28,30,115,230,226,225,1.5
1225,584,H,LALakers,33,36,30,39,138,6.5,6,-265,110.5
1225,585,V,LAClippers,32,40,26,23,121,2,3.5,-160,110.5
1225,586,H,Denver,26,29,24,29,108,222,226.5,140,3.5
1226,501,V,Atlanta,27,31,29,35,122,1,238.5,120,117.5
1226,502,H,Memphis,22,34,32,24,112,237.5,2.5,-140,1
1226,503,V,Cleveland,26,33,22,20,128,220,214,-110,105.5
1226,504,H,Detroit,26,27,33,15,119,3,pk,-110,1.5
1226,505,V,Orlando,32,31,29,38,130,228.5,232,110,117.5
1226,506,H,Washington,32,27,32,29,120,1,1.5,-130,1.5
1226,507,V,OklahomaCity,26,31,23,29,109,218.5,219.5,125,108
1226,508,H,Charlotte,28,31,16,32,107,3,3,-145,1
1226,509,V,Philadelphia,27,33,26,23,109,8,8,-360,4
1226,510,H,NewYork,27,28,14,20,89,219,215,300,105.5
1226,511,V,Indiana,27,39,33,26,125,3,6,-240,0.5
1226,512,H,Chicago,28,28,15,35,106,222.5,223.5,200,110
1226,513,V,Toronto,39,19,28,28,114,2,2.5,-145,2
1226,514,H,SanAntonio,33,28,30,28,119,225.5,228.5,125,112.5
1226,515,V,Minnesota,31,37,20,28,116,225.5,229,375,112
1226,516,H,Utah,27,26,26,32,111,8,9.5,-450,9.5
1226,517,V,Phoenix,25,29,25,24,103,4.5,3.5,-160,4
1226,518,H,Sacramento,31,27,25,23,106,230,227,140,114.5
1226,519,V,Houston,31,37,17,28,126,225,225.5,300,111.5
1226,520,H,Portland,27,31,26,29,128,8.5,7.5,-360,6.5
1227,521,V,Dallas,36,41,27,20,124,230,226.5,140,111.5
1227,522,H,LAClippers,13,14,30,16,73,4.5,3,-160,10.5
1227,523,V,SanAntonio,18,27,26,24,95,226.5,227.5,170,116
1227,524,H,NewOrleans,16,31,32,19,98,5.5,5,-190,2.5
1227,525,V,Orlando,29,33,15,43,120,225.5,2,-130,0.5
1227,526,H,Washington,35,25,34,19,113,1.5,231,110,117.5
1227,527,V,Brooklyn,22,28,27,27,104,7.5,11.5,-600,6.5
1227,528,H,Charlotte,23,25,34,24,106,224,233,450,113.5
1227,529,V,Philadelphia,24,26,22,22,94,5.5,6,-240,7.5
1227,530,H,Cleveland,29,35,29,25,118,218.5,218,200,108
1227,531,V,Milwaukee,27,18,30,35,110,11,13,-1200,12
1227,532,H,NewYork,30,31,35,34,130,223.5,222,750,114
1227,533,V,Boston,23,32,28,24,107,219,3,-135,113
1227,534,H,Indiana,19,30,39,20,108,3,220.5,115,0.5
1227,535,V,GoldenState,24,36,33,36,129,2,3.5,-165,1
1227,536,H,Chicago,27,29,41,31,128,226,229.5,145,112
1227,537,V,Phoenix,28,28,34,26,116,3.5,3,-160,1.5
1227,538,H,Sacramento,33,20,25,22,100,224.5,225.5,140,114
1228,539,V,Minnesota,23,22,22,24,91,224,229,400,0.5
1228,540,H,LALakers,40,27,36,24,127,11,10.5,-500,112
1228,541,V,Memphis,32,22,33,19,116,235,1.5,-125,114.5
1228,542,H,Brooklyn,23,32,30,21,111,7,227.5,105,0.5
1228,543,V,Detroit,25,31,31,33,120,226.5,223.5,400,109.5
1228,544,H,Atlanta,33,32,35,28,128,8.5,10.5,-500,3
1228,545,V,Utah,22,27,35,26,110,5,9,-400,7.5
1228,546,H,OklahomaCity,24,28,35,22,109,221,218,330,110.5
1228,547,V,Houston,26,34,23,28,111,225.5,222,225,109.5
1228,548,H,Denver,36,34,36,18,124,9,6.5,-265,0.5
1228,549,V,Portland,22,36,26,31,115,227.5,229,195,117.5
1228,550,H,LALakers,30,24,31,22,107,4.5,6,-230,5.5
1229,551,V,Boston,31,27,25,33,116,1,219,-105,112
1229,552,H,Indiana,26,31,37,17,111,220,1,-115,pk
1229,553,V,Chicago,31,21,31,32,115,232.5,238,210,119.5
1229,554,H,Washington,26,20,27,34,107,4.5,6.5,-250,5
1229,555,V,GoldenState,24,24,29,39,116,3.5,4.5,-170,4
1229,556,H,Detroit,29,22,25,30,106,222.5,227.5,150,110.5
1229,557,V,Toronto,28,28,20,17,93,218.5,219.5,105,106.5
1229,558,H,Philadelphia,17,31,28,24,100,pk,1.5,-125,2.5
1229,559,V,NewYork,29,24,18,24,95,219.5,216,140,106.5
1229,560,H,Cleveland,15,31,18,22,86,4.5,3.5,-160,4
1229,561,V,Milwaukee,46,37,32,29,144,5,6,-240,114.5
1229,562,H,Miami,26,25,24,22,97,222.5,227.5,200,4.5
1229,563,V,Orlando,34,26,27,31,118,5,6.5,-250,2.5
1229,564,H,OklahomaCity,27,29,29,22,107,219.5,219,210,112
1229,565,V,Minnesota,29,21,26,25,101,229.5,225.5,475,109.5
1229,566,H,LAClippers,33,37,35,19,124,6.5,10.5,-650,0.5
1229,567,V,NewOrleans,29,15,17,25,86,223,222,105,5
1229,568,H,Phoenix,31,35,34,11,111,3,1.5,-125,108
1229,569,V,Denver,34,28,38,15,115,3,226,-110,3.5
1229,570,H,Sacramento,32,42,22,29,125,223.5,1,-110,110.5
1230,571,V,Memphis,19,21,31,36,107,224,218,245,2.5
1230,572,H,Boston,31,35,30,30,126,8.5,7,-285,110
1230,573,V,Milwaukee,19,37,35,17,108,6,6.5,-260,2.5
1230,574,H,Miami,25,26,37,31,119,227.5,228.5,220,115
1230,575,V,Atlanta,41,27,36,37,141,240,240,195,118
1230,576,H,Brooklyn,38,29,35,43,145,6.5,5.5,-230,4
1230,577,V,Charlotte,36,32,30,20,118,223.5,225,300,112
1230,578,H,Dallas,29,28,12,30,99,8.5,8,-360,8
1230,579,V,LALakers,35,28,29,29,121,6.5,7.5,-310,1
1230,580,H,SanAntonio,27,26,29,25,107,229.5,231.5,260,113
1230,581,V,Portland,26,31,28,20,105,229,226,190,2.5
1230,582,H,LAClippers,37,39,31,21,128,3.5,6,-220,113.5
1231,511,V,Cleveland,21,30,17,31,99,217,219,270,108.5
1231,512,H,Indiana,32,25,31,31,119,8.5,8,-330,2.5
1231,513,V,Chicago,35,36,36,26,133,234.5,235.5,250,120
1231,514,H,Washington,41,27,32,30,130,5,7.5,-300,5.5
1231,515,V,Philadelphia,38,37,23,18,116,2,4,-175,106
1231,516,H,Orlando,22,18,29,23,92,217,219.5,155,6
1231,517,V,Sacramento,33,26,27,33,119,227,231.5,180,114
1231,518,H,Houston,32,31,24,35,122,3,5.5,-210,2
1231,519,V,NewYork,18,24,22,19,83,217.5,215.5,300,104.5
1231,520,H,Toronto,22,20,29,29,100,9.5,8.5,-360,5
1231,521,V,NewOrleans,32,26,27,28,113,4.5,5.5,-200,0.5
1231,522,H,OklahomaCity,28,19,26,7,80,214.5,214.5,175,106
1231,523,V,Phoenix,21,32,30,23,106,220,219.5,150,112
1231,524,H,Utah,22,18,30,25,95,4,4,-170,6
101,525,V,Boston,12,28,33,20,93,9.5,8.5,-370,9
101,526,H,Detroit,27,28,24,17,96,215.5,213.5,310,108
101,527,V,Miami,16,15,22,30,83,222.5,1.5,-115,5
101,528,H,Dallas,20,26,27,20,93,1,225,-105,109.5
101,529,V,Memphis,23,30,30,25,108,220,219.5,160,110.5
101,530,H,Charlotte,19,28,20,26,93,2,4,-180,4.5
101,531,V,Atlanta,29,32,28,25,114,247,244.5,210,119.5
101,532,H,Brooklyn,23,29,21,23,96,6,6,-250,5.5
101,533,V,Washington,37,23,40,30,130,232.5,1,-110,0.5
101,534,H,Minnesota,25,32,14,38,109,1,234.5,-110,114
101,535,V,LALakers,25,33,23,28,109,7,7.5,-340,5
101,536,H,SanAntonio,31,26,28,18,103,230.5,229,280,112
101,537,V,Chicago,21,19,35,21,96,230,233,850,117.5
101,538,H,Milwaukee,27,35,34,30,126,14,14.5,-1500,3
101,539,V,Phoenix,34,26,27,19,106,225,220.5,140,112
101,540,H,Denver,32,17,29,25,103,4.5,3.5,-160,4.5
101,541,V,LAClippers,19,23,23,35,100,2,3,-160,4
101,542,H,Utah,31,20,33,22,106,225.5,219.5,140,107
101,543,V,Portland,36,31,31,25,123,4,3.5,-150,117.5
101,544,H,GoldenState,21,34,25,18,98,230.5,237.5,130,1.5
102,545,V,Sacramento,36,28,17,13,94,233,2,-130,2
102,546,H,Houston,36,28,19,19,102,4,229,110,113
102,547,V,Charlotte,24,34,32,22,112,213.5,217,400,106.5
102,548,H,Philadelphia,39,34,31,23,127,9.5,10,-500,1
102,549,V,OklahomaCity,28,24,32,24,108,218.5,216.5,155,106
102,550,H,Orlando,33,18,31,17,99,7.5,4.5,-175,3.5
102,551,V,NewYork,26,24,32,24,106,215,215,375,105
102,552,H,Indiana,28,23,31,20,102,9,9.5,-450,6
102,553,V,Toronto,26,34,22,34,116,1,1,-115,106.5
102,554,H,NewOrleans,32,23,32,33,120,216,215.5,-105,0.5
102,555,V,Cleveland,25,19,26,26,96,234.5,229,200,0.5
102,556,H,Atlanta,35,21,18,17,91,6.5,5.5,-240,112
103,557,V,Boston,31,30,30,31,122,8,8,-360,3.5
103,558,H,Detroit,33,24,31,32,120,213.5,212,300,107
103,559,V,Washington,29,41,24,29,123,242.5,241.5,270,119
103,560,H,Brooklyn,28,43,22,29,122,8.5,7.5,-330,4.5
103,561,V,LALakers,25,31,21,31,108,10.5,10,-500,6.5
103,562,H,Memphis,36,18,21,19,94,222.5,220,400,108
103,563,V,Utah,33,32,33,32,130,4,5.5,-220,113.5
103,564,H,SanAntonio,23,28,25,33,109,219.5,222.5,190,1.5
103,565,V,Denver,29,26,28,41,124,8.5,8.5,-360,2.5
103,566,H,Minnesota,28,20,36,25,109,231,226,300,111
103,567,V,LAClippers,37,27,24,24,112,1.5,3.5,-150,105.5
103,568,H,Phoenix,24,20,37,26,107,218,215.5,130,3.5
103,569,V,Dallas,31,29,21,27,108,5.5,4,-170,2.5
103,570,H,Chicago,31,28,27,32,118,225,222,150,109.5
103,571,V,Portland,33,21,29,39,122,4.5,4.5,-190,6
103,572,H,GoldenState,36,30,31,40,137,234.5,235,170,114.5
104,573,V,Charlotte,20,23,23,35,101,218,221.5,290,107.5
104,574,H,Philadelphia,23,35,24,36,118,9.5,8,-350,0.5
104,575,V,Cleveland,19,30,18,16,83,217,214.5,190,105
104,576,H,Orlando,26,25,38,14,103,5,6,-220,3.5
104,577,V,OklahomaCity,26,23,17,24,90,212.5,214.5,350,105.5
104,578,H,Miami,26,37,28,27,118,8,9,-420,1
104,579,V,NewYork,31,23,30,29,113,223,224.5,250,110
104,580,H,Atlanta,29,29,30,20,108,6,7,-300,3
104,581,V,Boston,23,38,39,26,126,214,217,200,110.5
104,582,H,Toronto,32,14,35,33,114,2.5,6,-240,8
104,583,V,Dallas,33,28,23,29,113,228,229.5,150,113.5
104,584,H,Houston,21,28,28,23,100,3,4,-170,5.5
104,585,V,Indiana,26,27,26,27,118,218,216,105,105.5
104,586,H,NewOrleans,24,27,26,29,116,pk,1.5,-125,1
104,587,V,Detroit,26,30,24,35,115,225,223.5,1100,108.5
104,588,H,Milwaukee,33,34,30,28,125,15,16,-2500,5.5
104,589,V,Sacramento,20,28,27,31,106,2,1.5,-125,5.5
104,590,H,GoldenState,37,31,32,37,137,232,235,105,115
105,501,V,Utah,14,30,29,23,96,231.5,4.5,-180,8
105,502,H,Brooklyn,35,28,35,32,130,3,225,160,114.5
105,503,V,LALakers,19,26,22,27,94,9.5,9.5,-460,8
105,504,H,Memphis,24,25,19,24,92,218,219,380,106.5
105,505,V,Minnesota,22,43,31,20,116,228,226.5,475,112
105,506,H,Denver,34,28,31,30,123,12,10.5,-650,8
105,507,V,SanAntonio,36,27,22,31,116,227,226,260,115.5
105,508,H,LAClippers,27,17,40,29,113,8,7,-310,8.5
105,509,V,Chicago,21,24,36,30,111,233.5,232.5,375,117.5
105,510,H,Portland,39,15,31,23,108,10,9.5,-450,3
106,511,V,Houston,30,26,31,20,107,226,224,125,109.5
106,512,H,Indiana,35,27,28,24,114,1.5,3,-145,pk
106,513,V,Washington,24,43,39,30,136,231,235,220,1
106,514,H,Philadelphia,33,49,34,25,141,8,6.5,-260,115.5
106,515,V,Cleveland,23,22,19,30,94,213,214,180,103.5
106,516,H,Orlando,15,36,32,22,105,6,5,-210,1
106,517,V,Boston,34,19,27,27,107,218,217.5,120,110
106,518,H,Miami,26,19,35,25,105,3.5,2.5,-140,4
106,519,V,Charlotte,27,32,22,21,102,231,232.5,210,113
106,520,H,Atlanta,11,29,27,27,94,6.5,6,-250,7.5
106,521,V,Utah,27,29,19,25,100,6,8,-310,0.5
106,522,H,NewYork,20,24,34,34,112,215,214.5,260,109
106,523,V,OklahomaCity,26,28,34,23,111,213,213.5,270,105.5
106,524,H,NewOrleans,34,25,19,32,110,8,8,-330,3
106,525,V,Detroit,33,23,26,33,115,227,226.5,650,0.5
106,526,H,Milwaukee,44,38,26,22,130,13.5,11.5,-1000,111
106,527,V,Toronto,25,29,33,28,115,217,219,130,107
106,528,H,Phoenix,22,36,38,27,123,1.5,3,-150,0.5
106,529,V,Chicago,25,34,34,31,124,232,228.5,250,115.5
106,530,H,Sacramento,28,34,31,35,128,6,6.5,-300,2
106,531,V,LAClippers,21,31,31,25,108,4,5,-210,3.5
106,532,H,GoldenState,15,36,26,24,101,234,231,180,113
107,533,V,Philadelphia,26,25,33,25,109,3,4,-180,7
107,534,H,Brooklyn,28,37,29,28,122,224,222.5,160,109
107,535,V,Cleveland,19,27,21,27,94,214,209,200,102
107,536,H,Memphis,24,21,24,21,90,3.5,6,-240,4
107,537,V,Minnesota,29,27,24,37,117,233.5,233,400,114
107,538,H,Portland,28,47,36,24,135,10,10,-500,pk
107,539,V,Dallas,22,21,33,33,124,226,222.5,125,2
107,540,H,Denver,28,24,26,31,117,2.5,2.5,-145,111.5
107,541,V,SanAntonio,34,31,26,27,118,225,226.5,330,116
107,542,H,LALakers,26,30,33,20,109,7.5,8.5,-400,9
108,543,V,Phoenix,29,27,20,17,105,6,8,-330,2
108,544,H,Detroit,20,28,24,21,110,218.5,216,270,109.5
108,545,V,Charlotte,22,25,35,36,118,216,218,230,107
108,546,H,NewOrleans,38,21,28,23,110,8.5,7.5,-270,0.5
108,547,V,Washington,28,19,34,26,107,234.5,237.5,155,3
108,548,H,Boston,33,33,30,20,116,5.5,3.5,-175,115.5
108,549,V,OklahomaCity,15,27,27,32,101,209.5,212,130,103.5
108,550,H,NewYork,24,18,21,26,89,3.5,3,-150,2
108,551,V,Utah,34,31,39,27,131,236,232.5,200,119
108,552,H,Milwaukee,31,27,38,22,118,8,6,-240,5
108,553,V,Orlando,17,16,24,33,90,229,222,240,3
108,554,H,Houston,32,30,31,39,132,4.5,7,-280,113.5
108,555,V,Brooklyn,28,19,39,24,110,4.5,217.5,-110,4
108,556,H,Memphis,40,22,30,23,115,222,pk,-110,106
108,557,V,Toronto,35,36,40,33,144,5,1,-120,1
108,558,H,Sacramento,43,31,29,20,123,226.5,227.5,100,112.5
108,559,V,LAClippers,30,35,22,18,105,4,6.5,-250,112.5
108,560,H,GoldenState,22,29,30,34,115,232,229.5,210,1
108,561,V,Chicago,33,25,30,27,115,229.5,221.5,350,112
108,562,H,LALakers,28,31,33,25,117,10,8.5,-420,5
109,563,V,Denver,28,30,35,22,115,4,13.5,-1100,8
109,564,H,Philadelphia,26,25,21,31,103,222,215,700,105
109,565,V,Miami,47,28,28,25,128,5.5,10.5,-700,6
109,566,H,Washington,44,27,15,38,124,229.5,226.5,500,113
109,567,V,Atlanta,29,21,26,29,105,4.5,5,-200,5
109,568,H,Charlotte,28,31,28,26,113,228,229,175,112.5
109,569,V,Phoenix,30,26,34,35,125,217,217,130,110.5
109,570,H,Indiana,32,21,34,30,117,3,3,-150,1.5
109,571,V,SanAntonio,28,32,23,30,125,6,3.5,-160,2
109,572,H,Minnesota,34,24,27,28,122,230,235,140,119
109,573,V,Cleveland,14,23,26,27,90,222.5,219,350,105
109,574,H,Milwaukee,27,20,31,22,100,12,8.5,-420,1.5
109,575,V,Orlando,27,23,25,23,98,217,218,220,110.5
109,576,H,Dallas,36,20,29,27,112,7,6.5,-260,2
109,577,V,Portland,38,28,27,32,125,5,5.5,-210,114.5
109,578,H,Sacramento,24,25,20,30,99,234.5,236,180,2
110,501,V,Utah,34,23,17,22,96,7,8.5,-400,0.505
110,502,H,Detroit,19,21,28,18,86,217,217.5,330,110
110,503,V,Chicago,31,28,35,33,127,225.5,221,650,113
110,504,H,LAClippers,22,30,42,36,130,12,12,-1000,10.5
110,505,V,OklahomaCity,29,28,37,35,129,222.5,225,290,110
110,506,H,Brooklyn,41,22,18,35,116,9.5,8,-350,2.5
110,507,V,Denver,28,31,23,32,114,5.5,5.5,-220,103.5
110,508,H,NewYork,21,17,26,25,89,218,213.5,190,2.5
110,511,V,LALakers,25,40,23,32,120,3,4,-180,109.5
110,512,H,Houston,21,25,29,27,102,226.5,223.5,160,3.5
110,513,V,SanAntonio,22,27,20,19,88,3,4.5,-185,1.5
110,514,H,Minnesota,25,19,22,30,96,234,229.5,165,114.5
110,515,V,Toronto,24,27,21,33,105,3,3,-150,3.5
110,516,H,GoldenState,31,30,26,19,106,230.5,233.5,130,114.5
111,517,V,Memphis,24,23,30,24,101,217.5,2,-135,2.5
111,518,H,Cleveland,27,19,25,20,91,2,207,115,105
111,519,V,Phoenix,15,27,36,29,107,6.5,6,-250,8.5
111,520,H,Washington,29,39,36,24,128,228.5,231.5,210,116.5
111,521,V,Milwaukee,25,38,23,35,121,9,10,-500,3
111,522,H,Orlando,23,31,28,17,99,224.5,226,400,116
111,523,V,NewYork,25,25,18,20,88,212,212.5,170,104.5
111,524,H,Charlotte,31,26,25,27,109,4.5,5,-190,0.5
111,525,V,Philadelphia,32,18,15,29,94,223.5,222.5,200,1.5
111,526,H,Atlanta,28,37,32,15,112,6.5,6,-240,109
111,529,V,Toronto,32,28,26,25,111,233.5,230.5,175,114
111,530,H,Portland,21,34,21,36,112,3.5,4.5,-200,3.5
111,531,V,Indiana,30,34,29,29,122,2,3.5,-170,3
111,532,H,Sacramento,30,35,32,30,127,233,229,150,113
112,533,V,Miami,25,38,32,25,134,207,213,320,105
112,534,H,Philadelphia,28,27,41,24,137,4,8.5,-380,9
112,535,V,Utah,22,27,38,30,117,9.5,12.5,-1000,3
112,536,H,Cleveland,18,18,23,28,87,206.5,208.5,650,105.5
112,537,V,Denver,35,35,20,26,116,232,230.5,110,112.5
112,538,H,Brooklyn,27,27,36,32,122,pk,1.5,-130,6
112,539,V,SanAntonio,26,25,29,32,112,2.5,2,-135,112
112,540,H,OklahomaCity,26,17,30,29,102,215.5,218.5,115,1.5
112,541,V,LALakers,35,36,26,20,117,3.5,5,-170,108.5
112,542,H,Houston,14,34,23,29,100,223,224,150,3.5
112,545,V,Indiana,19,31,23,31,104,1.5,227,135,1
112,546,H,GoldenState,28,29,18,20,95,229,3.5,-155,112
113,547,V,Milwaukee,27,31,31,21,110,11.5,10.5,-600,2.5
113,548,H,Detroit,13,34,28,26,101,227.5,225.5,450,114.5
113,549,V,Dallas,32,28,27,17,104,5.5,3,-150,112
113,550,H,Charlotte,16,27,29,21,93,219,220.5,130,3.5
113,555,V,Brooklyn,26,35,31,24,116,5,3,-145,104.5
113,556,H,NewYork,25,20,31,33,109,219,217,125,3
113,557,V,LALakers,30,28,35,35,128,8.5,10.5,-600,3
113,558,H,OklahomaCity,21,25,25,28,99,215,219.5,450,106.5
113,559,V,Memphis,27,29,24,38,118,220,223,125,113.5
113,560,H,Minnesota,29,29,32,17,107,1,2,-145,0.5
113,563,V,Portland,33,32,35,32,132,6,5,-200,5
113,564,H,Sacramento,43,25,37,21,126,235.5,237.5,175,116
113,565,V,NewOrleans,28,15,28,35,106,220,216,475,105.5
113,566,H,LAClippers,28,33,22,28,111,7,11,-650,1
114,567,V,Miami,30,28,20,30,108,221,222,300,0.5
114,568,H,Philadelphia,38,35,25,27,125,11,7,-360,108.5
114,569,V,Charlotte,34,28,24,22,108,221.5,217.5,425,108.5
114,570,H,Toronto,35,36,28,12,111,7,10.5,-550,3.5
114,571,V,Houston,30,18,27,34,109,223,219.5,250,106.5
114,572,H,SanAntonio,27,18,34,26,105,6.5,7,-300,7
114,573,V,GoldenState,24,30,22,28,104,229,225.5,170,2
114,574,H,Denver,37,28,25,24,114,5,4.5,-190,111.5
114,575,V,Indiana,26,33,25,27,111,229.5,228,120,110.5
114,576,H,Portland,26,10,35,16,87,1.5,3,-140,7
115,503,V,NewYork,25,30,25,23,103,2.5,2,-140,2
115,504,H,Cleveland,28,29,23,26,106,200.5,195.5,120,96
115,505,V,Orlando,28,20,24,25,97,215.5,213.5,160,2
115,506,H,Boston,34,26,28,36,124,3.5,4,-180,108.5
115,507,V,Dallas,23,24,34,28,109,230.5,230,260,117
115,508,H,Milwaukee,30,25,29,28,112,6,8,-310,1.5
115,509,V,Chicago,30,38,27,23,125,224.5,2,-130,115.5
115,510,H,OklahomaCity,22,28,37,31,127,pk,225,110,4
115,515,V,Atlanta,23,23,28,18,92,222.5,229,200,1
115,516,H,Utah,33,28,26,29,116,6,6.5,-240,112
115,517,V,NewOrleans,28,30,16,21,95,218.5,218.5,350,108
115,518,H,LALakers,20,37,27,28,112,9,8.5,-420,6.5
115,519,V,LAClippers,34,35,37,32,138,6.5,6.5,-300,1
115,520,H,Sacramento,31,30,16,23,100,230,227.5,250,111
116,521,V,Houston,30,23,19,19,91,219.5,217,260,107
116,522,H,SanAntonio,21,29,25,28,103,6.5,7,-310,6.5
116,523,V,Orlando,26,24,33,32,115,225,226,375,115.5
116,524,H,Brooklyn,29,23,32,38,122,9.5,9,-450,5
116,525,V,Charlotte,27,37,23,26,113,219.5,221.5,230,109
116,526,H,Toronto,31,35,22,28,116,7.5,6.5,-270,3.5
116,527,V,Philadelphia,26,28,22,28,104,2.5,222.5,110,1
116,528,H,Memphis,25,35,28,18,106,219,2,-130,108.5
116,529,V,Detroit,29,23,38,30,120,218,217.5,195,106
116,530,H,Miami,23,33,19,25,100,2,5.5,-230,2
116,533,V,Atlanta,38,28,20,20,106,235.5,234,170,114.5
116,534,H,Portland,34,25,27,26,112,4,5,-190,5
117,535,V,NewYork,28,20,27,30,105,211,209.5,260,103
117,536,H,Boston,17,18,15,25,75,6.5,7,-310,7.5
117,539,V,Chicago,27,40,22,28,117,226.5,226,225,115.5
117,540,H,Dallas,23,29,23,26,101,7.5,6.5,-265,7.5
117,543,V,Utah,32,21,28,28,109,219,1.5,-130,2
117,544,H,Denver,31,27,21,26,105,2.5,219.5,110,111
117,545,V,NewOrleans,34,33,30,31,128,2,2.5,-145,111.5
117,546,H,Sacramento,25,33,36,29,123,230,226,125,1.5
117,547,V,Indiana,26,29,20,21,96,220.5,219,300,108
117,548,H,LAClippers,36,25,39,29,129,6,8,-360,2.5
118,549,V,Orlando,13,25,16,30,84,1,2.5,-130,3.5
118,550,H,NewYork,19,28,19,25,91,211.5,205,110,104.5
118,553,V,Minnesota,25,26,20,26,97,228.5,228.5,250,111.5
118,554,H,Atlanta,29,29,20,30,108,7.5,7,-300,2
118,555,V,SanAntonio,32,27,28,38,125,224,1.5,-125,115.5
118,556,H,Portland,28,26,28,22,104,1,227,105,0.505
118,557,V,Detroit,36,25,19,27,107,219,215,210,105.5
118,558,H,Miami,24,31,33,25,113,6,6,-250,4.5
118,559,V,Phoenix,24,24,27,29,104,3,5.5,-200,5.5
118,560,H,Memphis,18,34,25,31,108,223.5,217,175,110.5
118,561,V,Dallas,18,29,25,21,93,220,220.5,135,112
118,562,H,Toronto,22,25,34,35,116,3.5,3,-155,2.5
118,563,V,Milwaukee,34,22,33,34,123,2,4,-175,3.5
118,564,H,Brooklyn,28,29,37,31,125,240,240,155,122.5
118,565,V,Houston,16,36,34,34,120,228,2,-130,4.5
118,566,H,Chicago,28,36,29,32,125,1,224,110,109.5
118,567,V,GoldenState,22,26,33,34,115,225,225.5,375,0.5
118,568,H,LALakers,34,30,28,21,113,10,9,-450,109.5
119,569,V,OklahomaCity,31,21,22,27,101,220.5,220,400,107.5
119,570,H,Denver,31,34,32,22,119,9,10.5,-500,2
119,571,V,NewOrleans,24,25,20,33,102,220,217.5,210,107
119,572,H,Utah,29,26,36,27,118,5.5,6.5,-250,1.5
120,501,V,Boston,25,36,31,17,109,217,220.5,175,112.5
120,502,H,Philadelphia,32,26,28,31,117,5,4.5,-200,4.5
120,503,V,Brooklyn,23,26,29,35,135,9,10.5,-600,8.5
120,504,H,Cleveland,28,23,36,26,147,222,226.5,450,111
120,507,V,Dallas,37,28,28,31,124,217.5,2.5,-140,1
120,508,H,Indiana,28,35,29,20,112,1,221.5,120,110
120,509,V,Detroit,31,21,40,14,115,221,220.5,170,107.5
120,510,H,Atlanta,29,16,33,28,123,6,4.5,-190,4
120,511,V,Miami,29,27,32,23,111,219.5,222,155,109
120,512,H,Toronto,23,35,25,19,102,3.5,4,-175,2
120,513,V,Orlando,25,10,33,29,97,3,4,-180,6.5
120,514,H,Minnesota,21,30,26,19,96,219,220,160,111
120,515,V,Phoenix,30,33,26,20,109,6,5.5,-220,112
120,516,H,Houston,23,28,31,21,103,220.5,219,190,0.5
120,519,V,Sacramento,29,27,19,21,96,231,231,475,113
120,520,H,LAClippers,25,36,34,20,115,10.5,11,-650,5
120,521,V,SanAntonio,24,21,26,28,99,228.5,228,100,4.5
120,522,H,GoldenState,36,28,26,31,121,1,1,-120,116.5
121,523,V,LALakers,29,34,23,27,113,229,227.5,100,111.5
121,524,H,Milwaukee,33,24,24,25,106,2,1.5,-120,2.5
121,525,V,NewYork,40,23,26,30,119,216,215,180,106.5
121,526,H,GoldenState,31,26,19,28,104,5.5,5,-210,4.5
121,527,V,NewOrleans,43,26,23,26,118,216.5,217.5,240,108.5
121,528,H,Utah,31,39,30,29,129,6.5,7,-280,4
122,529,V,Chicago,30,31,34,28,123,227,228.5,135,115.5
122,530,H,Charlotte,29,24,30,27,110,3.5,3,-155,3.5
122,531,V,Orlando,28,32,27,21,118,217.5,215.5,170,110.5
122,532,H,Indiana,37,25,26,20,120,4.5,5,-190,2.5
122,533,V,Houston,34,21,22,26,103,218,215,125,104.5
122,534,H,Detroit,21,26,34,21,102,3,3,-145,3.5
122,535,V,Boston,33,19,28,30,110,222.5,221,160,112.5
122,536,H,Philadelphia,25,24,42,31,122,4.5,4.5,-180,4.5
122,537,V,Miami,20,22,22,17,81,220.5,220,115,2.5
122,538,H,Toronto,37,19,17,28,101,2.5,2,-135,106
122,539,V,Brooklyn,33,27,24,29,113,10,6,-260,5
122,540,H,Cleveland,34,27,37,27,125,228,223.5,220,109.5
122,541,V,Atlanta,25,37,30,24,116,6.5,6,-240,111.5
122,542,H,Minnesota,19,24,24,31,98,222,227.5,200,1
122,545,V,Dallas,37,31,27,27,122,2,1.5,-135,110
122,546,H,SanAntonio,34,24,27,32,117,222.5,223,115,1.5
122,547,V,OklahomaCity,18,35,25,28,106,220,220.5,775,108
122,548,H,LAClippers,36,34,21,29,120,12.5,13.5,-1300,3.5
122,551,V,NewYork,26,28,18,22,94,218,219,145,106.5
122,552,H,Sacramento,25,24,27,27,103,2.5,3.5,-165,2.5
122,553,V,Denver,25,29,37,23,130,218.5,219.5,100,4.5
122,554,H,Phoenix,34,34,27,19,126,2.5,1,-120,107
123,555,V,GoldenState,30,17,25,36,108,224.5,228.5,250,3.5
123,556,H,Utah,39,38,31,19,127,6.5,7,-300,111
123,557,V,Philadelphia,28,33,33,20,114,8,9,-380,7
123,558,H,Detroit,31,32,25,22,110,219.5,215.5,320,107
123,559,V,Miami,25,31,26,42,124,229.5,232,280,113.5
123,560,H,Brooklyn,36,30,30,32,128,8.5,7.5,-340,1.5
123,561,V,NewOrleans,31,33,14,32,110,7,8.5,-370,5.5
123,562,H,Minnesota,28,35,24,33,120,222,217.5,310,107
123,563,V,LALakers,29,34,20,18,101,9,10,-500,110
123,564,H,Chicago,17,16,33,24,90,227.5,227,400,2
123,565,V,Houston,38,32,34,29,133,219,222,265,109
123,566,H,Dallas,27,32,24,25,108,10.5,7,-320,6
123,567,V,Denver,28,30,15,25,120,219,2.5,-155,1.5
123,568,H,Phoenix,30,31,16,21,112,1.5,216,135,106
124,569,V,Toronto,24,34,19,30,107,219,217,165,106.5
124,570,H,Indiana,24,23,28,27,102,1.5,4.5,-185,5.5
124,571,V,Cleveland,21,30,27,25,103,215.5,212.5,210,2.5
124,572,H,Boston,38,35,41,27,141,6.5,6,-250,104.5
124,573,V,OklahomaCity,19,26,28,27,100,221.5,220.5,800,107
124,574,H,LAClippers,36,20,29,23,108,12.5,13,-1400,3.5
124,575,V,Charlotte,24,26,24,33,107,214.5,2,-130,3.5
124,576,H,Orlando,29,29,28,18,104,1.5,215,110,104.5
124,577,V,Washington,26,21,30,24,101,231.5,233.5,200,113.5
124,578,H,SanAntonio,23,25,37,36,121,6.5,5.5,-240,3.5
124,579,V,Atlanta,15,32,36,32,115,235,224.5,625,114.5
124,580,H,Milwaukee,32,34,28,35,129,9,12,-950,1.5
124,583,V,NewYork,24,26,27,36,113,214.5,214.5,155,3.5
124,584,H,Portland,37,33,19,27,116,5,4,-175,105.5
125,501,V,Charlotte,30,24,22,32,108,213.5,213.5,-110,105
125,502,H,Orlando,19,36,32,30,117,1.5,1.5,-110,pk
125,503,V,Philadelphia,23,27,25,29,104,7,5,-190,6.5
125,504,H,Detroit,34,30,25,30,119,215,216,170,106
125,505,V,Toronto,30,30,37,17,114,217,219,115,3
125,506,H,Indiana,33,37,28,31,129,2.5,2.5,-135,108
125,507,V,LALakers,34,31,22,28,115,10,12,-800,5
125,508,H,Cleveland,23,35,31,19,108,215,214.5,550,104.5
125,509,V,Miami,21,24,26,14,85,234,237,270,114.5
125,510,H,Brooklyn,15,26,29,28,98,7.5,7,-330,6.5
125,515,V,Boston,33,27,31,28,119,6.5,3.5,-175,116
125,516,H,Chicago,25,25,26,27,103,229,227.5,155,1.5
125,517,V,Denver,38,32,22,25,117,221.5,2,-130,109
125,518,H,Dallas,31,27,36,19,113,1,223,110,2.5
125,519,V,OklahomaCity,34,35,25,31,125,221.5,226.5,175,111.5
125,520,H,Portland,24,36,31,31,122,6.5,4.5,-200,5
125,521,V,Minnesota,23,31,29,25,108,225,227,310,112
125,522,H,GoldenState,34,34,25,37,130,8,9,-370,1.5
126,523,V,LAClippers,21,27,22,29,99,221.5,226.5,200,110
126,524,H,Atlanta,22,21,33,32,108,3.5,6,-240,6
126,525,V,Washington,29,23,18,18,88,231,234,140,113.5
126,526,H,Houston,26,30,19,32,107,3,3.5,-160,1
126,527,V,NewYork,27,32,22,13,94,209.5,212,500,104
126,528,H,Utah,18,28,34,28,108,10.5,11,-700,10
127,529,V,Detroit,28,28,26,25,107,215.5,215.5,110,104.5
127,530,H,Cleveland,32,22,36,32,122,1.5,2,-130,1
127,531,V,Sacramento,32,33,31,25,121,221.5,223.5,110,107.5
127,532,H,Orlando,23,27,27,30,107,1.5,1,-130,5
127,533,V,Indiana,36,23,25,32,116,218.5,3,-145,1
127,534,H,Charlotte,19,36,25,26,106,1,221.5,125,108
127,535,V,Milwaukee,33,30,20,32,115,6,6,-250,1
127,536,H,Toronto,33,21,28,26,108,224.5,228,210,116
127,537,V,Brooklyn,26,29,28,33,132,7,6,-230,4.5
127,538,H,Atlanta,27,28,32,29,128,236,238,195,115
127,539,V,LALakers,24,27,23,32,106,2.5,4,-175,3
127,540,H,Philadelphia,34,21,26,26,107,221.5,222.5,155,107.5
127,541,V,Denver,26,32,16,35,109,5,6.5,-240,104.5
127,542,H,Miami,12,21,32,17,82,220.5,215,200,2.5
127,545,V,Washington,18,27,35,26,106,227,227.5,300,1.5
127,546,H,NewOrleans,35,29,30,30,124,7.5,8.5,-360,112
127,547,V,Boston,30,17,37,22,106,2.5,4.5,-190,6.5
127,548,H,SanAntonio,25,36,21,28,110,225,224.5,170,115
127,549,V,Dallas,19,29,30,26,104,225,221,115,5
127,550,H,Utah,32,37,31,16,116,4.5,2,-135,107.5
127,551,V,OklahomaCity,17,28,28,29,102,220,215,270,104.5
127,552,H,Phoenix,32,10,29,26,97,5.5,8,-330,6.5
127,553,V,Minnesota,21,30,24,36,111,227.5,229,350,112
127,554,H,GoldenState,23,35,37,28,123,8,9,-420,3
128,555,V,LAClippers,19,29,40,21,109,215.5,212.5,145,103
128,556,H,Miami,33,17,19,36,105,5,2,-165,1
128,557,V,LALakers,31,27,20,14,92,9.5,7,-310,4.5
128,558,H,Detroit,34,22,26,25,107,217.5,214,260,105
128,559,V,GoldenState,29,18,24,22,93,1,219,110,108.5
128,560,H,Phoenix,36,16,33,29,114,219.5,2,-130,pk
128,561,V,Portland,32,18,27,24,101,228,229.5,170,111.5
128,562,H,Houston,17,36,33,18,104,2.5,4.5,-190,1.5
129,563,V,Atlanta,31,30,28,27,116,4.5,3.5,-165,118.5
129,564,H,Washington,22,28,21,29,100,234,234.5,145,2
129,565,V,LAClippers,26,36,28,26,116,212,7,-330,106
129,566,H,Orlando,26,22,23,19,90,2.5,217,270,0.505
129,567,V,Indiana,28,32,20,25,105,4,3.5,-160,5
129,568,H,Charlotte,32,32,25,19,108,220.5,221.5,140,108.5
129,569,V,Sacramento,36,32,36,22,126,228.5,226.5,190,111
129,570,H,Toronto,24,34,33,33,124,6.5,4,-220,5
129,571,V,Milwaukee,21,24,44,37,126,6,7,-280,9
129,572,H,NewOrleans,35,33,35,28,131,229,229.5,240,116.5
129,573,V,Cleveland,17,16,22,26,81,205.5,209,105,3.5
129,574,H,NewYork,19,28,25,30,102,2,1,-125,101
129,575,V,Brooklyn,36,40,39,32,147,9.5,7,-260,112.5
129,576,H,OklahomaCity,27,32,35,31,125,230.5,229.5,220,1
129,577,V,Philadelphia,25,28,35,30,118,6.5,9.5,-480,4.5
129,578,H,Minnesota,25,23,26,20,94,225.5,225,390,110
129,579,V,Denver,30,25,31,23,109,3,4,-175,3.5
129,580,H,SanAntonio,37,24,26,32,119,225,222,155,107.5
129,581,V,Dallas,12,33,23,33,101,220.5,222,150,3
129,582,H,Utah,37,24,33,26,120,3.5,4,-170,112.5
130,501,V,Portland,32,32,29,30,123,232,233,110,113
130,502,H,Chicago,34,19,33,36,122,1.5,1.5,-130,4
130,503,V,Milwaukee,31,33,30,20,114,7.5,9,-420,8
130,504,H,Charlotte,39,29,29,29,126,228,231,350,118
130,505,V,Houston,27,48,24,27,126,223,223,115,108.5
130,506,H,NewOrleans,35,22,27,28,112,pk,2,-135,6
130,507,V,Sacramento,35,24,18,27,104,224.5,222.5,220,108.5
130,508,H,Miami,24,33,27,21,105,6,6.5,-260,5.5
130,509,V,LALakers,28,24,19,25,96,1.5,3.5,-165,1.5
130,510,H,Boston,24,25,29,17,95,218.5,217.5,145,106.5
130,511,V,Phoenix,29,26,22,34,111,217,215,-110,110
130,512,H,Dallas,28,27,27,23,105,2,1,-110,1
130,513,V,Detroit,17,28,23,23,91,224.5,224.5,190,2.5
130,514,H,GoldenState,29,35,30,24,118,5.5,5.5,-220,109.5
130,515,V,Memphis,35,29,36,29,129,222.5,219,150,111.5
130,516,H,SanAntonio,27,29,34,22,112,3,3.5,-170,4
131,517,V,Utah,29,25,37,26,117,220.5,3,-155,7
131,518,H,Denver,43,36,24,25,128,1.5,220,135,113
131,519,V,Philadelphia,18,36,28,37,119,1,221.5,125,1.5
131,520,H,Indiana,28,35,32,15,110,223,3,-145,107.5
131,521,V,LAClippers,29,37,35,28,129,7.5,9,-450,6
131,522,H,NewYork,31,34,26,24,115,210.5,210.5,375,105.5
131,523,V,Orlando,15,29,29,29,102,220,215.5,200,1.5
131,524,H,Toronto,27,31,26,31,115,5.5,5,-240,109.5
131,525,V,Brooklyn,38,33,37,38,146,8,5.5,-240,2
131,526,H,Washington,28,37,36,48,149,245,245,200,120.5
131,527,V,Cleveland,35,26,25,18,104,2,3.5,-160,0.5
131,528,H,Minnesota,30,25,33,21,109,220,219.5,140,107
201,529,V,Minnesota,29,15,23,31,98,217.5,221.5,145,107
201,530,H,Cleveland,29,23,24,24,100,5,3.5,-165,pk
201,531,V,LALakers,28,22,25,32,107,6.5,7,-300,3.5
201,532,H,Atlanta,25,21,30,23,99,220,219,250,105.5
201,533,V,Charlotte,28,26,34,25,129,218,216.5,260,105
201,534,H,Miami,29,28,25,31,121,5,7.5,-310,4
201,535,V,Sacramento,30,30,27,31,118,232,234.5,125,114.5
201,536,H,NewOrleans,33,29,32,15,109,4.5,2.5,-145,1
201,537,V,NewYork,27,28,26,21,102,218,217,140,105.5
201,538,H,Chicago,32,27,25,26,110,4.5,3.5,-160,1
201,539,V,Houston,48,25,29,34,136,5.5,5,-200,110.5
201,540,H,OklahomaCity,24,30,22,30,106,222,224.5,175,3
201,541,V,Portland,36,20,21,29,106,235,235,400,0.5
201,542,H,Milwaukee,46,33,34,21,134,10,10,-500,114
201,543,V,Memphis,33,36,27,37,133,221.5,222,155,113
201,544,H,SanAntonio,31,22,30,19,102,3,4,-175,6.5
201,545,V,Phoenix,22,25,30,32,109,219.5,219,120,1
201,546,H,Dallas,22,31,29,26,108,1.5,2,-140,112
202,549,V,Memphis,27,23,35,31,116,220.5,221.5,160,3.5
202,550,H,Indiana,37,34,33,30,134,6,4.5,-180,113
202,551,V,Toronto,33,31,32,27,123,5,6.5,-260,3
202,552,H,Orlando,31,29,22,26,108,215,215.5,220,106.5
202,553,V,LAClippers,32,26,32,30,120,243.5,1.5,-120,1
202,554,H,Brooklyn,24,33,31,36,124,1.5,241.5,100,117.5
202,555,V,Detroit,22,24,31,28,105,221,218.5,650,105
202,556,H,Utah,33,36,25,23,117,12,12.5,-1000,1
202,557,V,Boston,24,28,34,25,111,3,3,-140,2
202,558,H,GoldenState,35,17,33,22,107,224.5,227,120,115.5
202,579,V,Portland,40,35,31,26,132,240.5,241.5,120,119
202,580,H,Washington,23,40,27,31,121,1.5,3,-140,5
203,559,V,Indiana,21,30,21,38,110,232,231.5,330,113
203,560,H,Milwaukee,29,39,38,24,130,8.5,9,-400,pk
203,561,V,Philadelphia,30,34,25,29,118,7,7,-310,109
203,562,H,Charlotte,13,29,34,35,111,221.5,225,260,2
203,563,V,LAClippers,33,19,36,33,121,8.5,9,-420,5
203,564,H,Cleveland,25,24,25,25,99,217.5,220,350,106.5
203,565,V,Washington,31,24,22,26,103,229.5,228,350,111.5
203,566,H,Miami,34,31,17,18,100,8,9,-420,1.5
203,567,V,Dallas,26,27,35,34,122,222.5,2,-130,2
203,568,H,Atlanta,22,34,27,33,116,1.5,223.5,110,109.5
203,569,V,Houston,25,18,15,29,87,5.5,6.5,-250,6.5
203,570,H,OklahomaCity,30,24,27,23,104,223.5,222,210,107.5
203,571,V,NewYork,34,29,28,16,107,216.5,218,105,106.5
203,572,H,Chicago,17,35,24,27,103,4,1.5,-125,3.5
203,573,V,Minnesota,33,32,25,18,108,223,226,280,111
203,574,H,SanAntonio,29,25,25,32,111,9,7.5,-340,6.5
203,575,V,Phoenix,25,21,28,27,101,2.5,2.5,-155,2
203,576,H,NewOrleans,28,20,40,35,123,223.5,223,135,112.5
203,577,V,Boston,26,25,31,29,111,2,224,-110,114
203,578,H,Sacramento,22,30,29,35,116,226.5,1,-110,0.5
204,501,V,Portland,28,29,40,24,121,227.5,223,400,109.5
204,502,H,Philadelphia,28,29,19,29,105,9.5,10,-500,6
204,503,V,GoldenState,36,38,36,37,147,224.5,229.5,155,114.5
204,504,H,Dallas,34,42,20,20,116,3.5,4,-175,2
204,505,V,Utah,20,25,35,32,112,6.5,10,-450,3.5
204,506,H,Atlanta,16,21,26,28,91,224,221,375,111.5
204,507,V,Houston,27,33,27,28,115,224,226,145,109.5
204,508,H,Memphis,27,20,23,33,103,1,3.5,-165,5.5
204,509,V,Denver,30,28,17,18,93,219.5,217,175,106
204,510,H,LALakers,27,19,37,31,114,5.5,4.5,-200,6.5
205,511,V,Chicago,31,25,25,38,119,221,2.5,-135,4
205,512,H,Orlando,33,33,26,31,123,pk,224.5,115,114.5
205,513,V,Utah,30,39,37,32,138,8,8.5,-360,0.5
205,514,H,Charlotte,32,22,36,31,121,222.5,224.5,300,113.5
205,515,V,NewOrleans,27,30,29,28,114,227,228,105,110
205,516,H,Indiana,30,18,27,38,113,5,pk,-125,3
205,517,V,Milwaukee,26,34,34,29,123,10.5,10.5,-700,8
205,518,H,Cleveland,33,30,26,16,105,230,228.5,500,116.5
205,519,V,Toronto,34,33,25,31,123,243.5,239.5,190,117
205,520,H,Brooklyn,23,40,27,27,117,5.5,5,-220,5.5
205,521,V,Minnesota,25,26,34,21,106,2,2.5,-140,1.5
205,522,H,OklahomaCity,23,32,21,27,103,219.5,220.5,120,107.5
205,523,V,Washington,27,16,27,25,95,227.5,230,245,2.5
205,524,H,Miami,40,31,35,16,122,7.5,7,-290,111.5
205,525,V,Detroit,24,20,24,24,92,216,212,300,103.5
205,526,H,Phoenix,27,30,30,22,109,9.5,8,-360,0.5
205,527,V,Boston,21,30,38,30,119,221,219,180,0.5
205,528,H,LAClippers,33,29,20,33,115,5,6,-210,112
206,529,V,Portland,31,20,25,23,99,1.5,1.5,-120,2.5
206,530,H,NewYork,26,31,27,26,110,218.5,215.5,100,105
206,531,V,Denver,25,27,29,33,114,4,2.5,-125,3
206,532,H,Sacramento,26,27,34,32,119,229.5,226,105,109.5
206,533,V,Memphis,33,28,30,18,109,225.5,1,-120,0.5
206,534,H,NewOrleans,31,29,30,28,118,1.5,227,100,115
206,535,V,Chicago,31,30,34,23,118,2,1.5,-120,114
206,536,H,Orlando,31,12,21,28,92,224,224.5,100,4
206,537,V,Brooklyn,29,27,30,22,108,237.5,233,245,113.5
206,538,H,Philadelphia,34,25,43,22,124,2.5,7.5,-290,4
206,539,V,Toronto,34,29,31,27,121,5,1,-120,1
206,540,H,Atlanta,28,38,35,31,132,222.5,222.5,100,109
206,541,V,Milwaukee,25,34,35,30,124,10.5,10,-650,4.5
206,542,H,Cleveland,22,32,23,22,99,227,226.5,475,115.5
206,543,V,Minnesota,24,38,32,24,118,218.5,220.5,115,4
206,544,H,OklahomaCity,43,40,13,24,120,pk,2,-135,110
206,545,V,SanAntonio,29,22,33,27,111,223,225.5,100,114.5
206,546,H,Houston,23,24,30,29,106,1.5,1,-120,1
206,547,V,GoldenState,31,33,37,31,132,230.5,232,165,0.5
206,548,H,Dallas,35,37,34,28,134,4,4.5,-185,115
206,549,V,Detroit,29,25,24,28,129,217.5,214,900,104.5
206,550,H,LALakers,27,36,25,18,135,13.5,14.5,-1600,6
207,551,V,Utah,25,22,28,28,103,3.5,5,-220,3.5
207,552,H,Indiana,20,27,21,27,95,225,225,190,114.5
207,555,V,Miami,25,35,22,27,109,5.5,5.5,-240,3.5
207,556,H,NewYork,23,36,18,26,103,211.5,207,200,102.5
207,557,V,Boston,19,30,19,23,91,216.5,215,125,109.5
207,558,H,Phoenix,27,25,24,24,100,3.5,2.5,-145,1
207,559,V,Sacramento,22,32,25,34,113,228.5,228,300,112
207,560,H,LAClippers,24,27,29,30,110,8.5,8.5,-360,6.5
207,581,V,Washington,31,21,21,24,97,1.5,1,-125,4.5
207,582,H,Charlotte,34,35,33,17,119,233.5,237,105,116.5
208,561,V,Houston,27,33,27,7,94,1,1.5,-125,1.5
208,562,H,Charlotte,32,32,26,29,119,220.5,219.5,105,109
208,563,V,Toronto,35,28,31,34,128,222.5,2.5,-150,2.5
208,564,H,Memphis,34,36,27,16,113,pk,223.5,130,110
208,565,V,Washington,24,34,25,22,105,237,237,170,115.5
208,566,H,Chicago,27,21,30,23,101,3,4.5,-190,5
208,567,V,GoldenState,36,23,21,20,100,233,233,100,114
208,568,H,SanAntonio,27,27,24,27,105,1,1.5,-120,1.5
208,569,V,Minnesota,22,29,26,45,122,222,228.5,425,111
208,570,H,Dallas,43,28,24,32,127,9,10,-550,0.5
208,571,V,Cleveland,28,33,30,22,113,216,212.5,200,105.5
208,572,H,Phoenix,34,30,25,30,119,7,5.5,-240,2.5
208,573,V,Milwaukee,37,22,34,32,125,4.5,2,-130,1.5
208,574,H,Denver,42,20,26,24,112,230.5,233.5,110,118
208,575,V,OklahomaCity,33,27,24,26,112,214.5,220.5,500,108.5
208,576,H,LALakers,26,30,20,34,119,12.5,10,-700,8
209,501,V,Brooklyn,26,28,32,25,111,8,5.5,-230,6
209,502,H,Detroit,38,25,31,28,122,232.5,229,195,112.5
209,503,V,NewYork,25,30,27,14,96,208,207.5,200,101.5
209,504,H,Miami,27,30,19,22,98,7,6,-240,3.5
209,505,V,Houston,25,25,31,20,101,221,226,230,1
209,506,H,NewOrleans,30,33,29,38,130,4,6.5,-270,109
209,507,V,GoldenState,28,22,36,28,114,233,1.5,-110,1.5
209,508,H,SanAntonio,26,24,20,21,91,1.5,230,-110,111
209,509,V,Philadelphia,42,24,21,32,119,5.5,4.5,-210,3.5
209,510,H,Sacramento,32,39,20,20,111,229.5,232,180,114
209,511,V,Boston,27,20,32,29,108,220.5,222,180,111.5
209,512,H,Utah,24,24,42,32,122,5.5,5.5,-210,3
209,513,V,Orlando,19,24,30,24,97,223,220,210,112
209,514,H,Portland,31,19,34,22,106,5.5,6,-250,1